{
  "task": "classification_pima",
  "best_cv": {
    "auc": 0.834326500142544,
    "n_rules": 6,
    "m": 1.6
  },
  "test_accuracy": 0.7987012987012987,
  "test_f1": 0.6736842105263158,
  "test_auc": 0.8654102417666096,
  "feature_names": [
    "preg",
    "plas",
    "pres",
    "skin",
    "insu",
    "mass",
    "pedi",
    "age"
  ],
  "centers": [
    [
      -0.2324726068135669,
      0.6462255079574876,
      0.15166542401893912,
      0.6218879039042609,
      0.9139412447114902,
      0.48627211794425673,
      0.2545158244643019,
      -0.18894509223366554
    ],
    [
      0.9494307270333573,
      0.5271111430241404,
      0.3394877544321787,
      0.3977276795450235,
      0.2545757504144465,
      0.2513206921060365,
      0.2619411952916182,
      0.7923926208829368
    ],
    [
      0.7178101246555845,
      0.2628431586548631,
      0.2986317698609214,
      -0.9363048436420623,
      -0.5274155602322128,
      -0.11090310455426647,
      -0.25584098501268093,
      1.038032242856198
    ],
    [
      -0.18617777309541333,
      -0.173241079834269,
      -0.08766822302408651,
      -0.15978276384037546,
      -0.13948742428822147,
      -0.1428762838257167,
      0.0204738653905752,
      -0.22642840529727554
    ],
    [
      -0.46889327682197185,
      -0.3451513545379527,
      -0.062150107916394415,
      0.5518433615629722,
      0.03050620150500449,
      0.34942479925828457,
      -0.05822667681408473,
      -0.4819062940395636
    ],
    [
      -0.47408394329455517,
      -0.6204825537234625,
      -0.35092017121851976,
      -0.35368139525991016,
      -0.35256541849111783,
      -0.6961386063468453,
      -0.30259605847077525,
      -0.612183880894829
    ]
  ],
  "per_rule_logreg": [
    {
      "coef": [
        0.14937206403043862,
        0.9547093590601959,
        -0.19359102019186392,
        0.10375116603176202,
        -0.13762741397013192,
        0.26839624450377453,
        0.2245167343138205,
        0.40012645201194486
      ],
      "intercept": -0.5837150064826384
    },
    {
      "coef": [
        0.4088573422959604,
        0.8470232310951338,
        -0.004333638837658014,
        -0.02206563821494733,
        -0.013838647508614453,
        0.4505351716312374,
        0.28292370000762485,
        -0.03371410897667046
      ],
      "intercept": -0.6122812932326944
    },
    {
      "coef": [
        0.05861960795107764,
        0.7705535287008439,
        -0.0584838218922863,
        -0.10160048329902935,
        -0.04811069840533954,
        0.5735036030969691,
        0.10685694534837396,
        -0.2084697913180933
      ],
      "intercept": -0.12085521366549665
    },
    {
      "coef": [
        0.2650664871202368,
        0.9072574143329192,
        -0.14459870152072138,
        -0.05230376125815437,
        -0.13543996979113454,
        0.5676150764868796,
        0.2222293689689351,
        0.3154890902811386
      ],
      "intercept": -0.741385164288341
    },
    {
      "coef": [
        0.09961626253520457,
        0.8532768967077788,
        -0.1828966844317592,
        0.03757047882142484,
        -0.10145383219352819,
        0.4068130253319092,
        0.43224281319641805,
        0.43366655614280475
      ],
      "intercept": -0.7928704428079206
    },
    {
      "coef": [
        0.4028492865382895,
        0.9984421579413274,
        -0.21456453804522843,
        -0.10490563988371088,
        -0.10823532077134265,
        0.7985039941961881,
        0.28012850906737014,
        0.4337382783609291
      ],
      "intercept": -1.0675300721024004
    }
  ]
}