{
  "task": "regression_diabetes",
  "best_cv": {
    "rmse": 54.052766656213706,
    "n_rules": 4,
    "m": 1.6
  },
  "test_rmse": 52.11113069986299,
  "test_r2": 0.573710124767741,
  "feature_names": [
    "age",
    "sex",
    "bmi",
    "bp",
    "s1",
    "s2",
    "s3",
    "s4",
    "s5",
    "s6"
  ],
  "centers": [
    [
      -0.004756966756391768,
      -0.3430223493384362,
      -0.15272202256351056,
      -0.11318515107583342,
      -0.05095830011080038,
      -0.11621132855377021,
      0.42263252514237176,
      -0.38857928104719364,
      -0.25570385375647864,
      -0.1399547508182704
    ],
    [
      0.2780967107210384,
      0.35707548628257396,
      0.5399077798345484,
      0.4587340546799185,
      0.8613717561002056,
      0.847812734806493,
      -0.5340598557139359,
      0.9847340607857213,
      0.8229613062975383,
      0.6148413246376722
    ],
    [
      -0.7060870388099489,
      -0.45391693990450155,
      -0.6400786851300653,
      -0.6602831045911025,
      -0.6876479120719544,
      -0.7010122627617155,
      0.45455665936497386,
      -0.7380608456335578,
      -0.7527854637854801,
      -0.710105587170084
    ],
    [
      0.4098328069146535,
      0.4846975444796555,
      0.24683460324762646,
      0.3607154192706474,
      -0.026990266465824198,
      0.07733950616853574,
      -0.4196387311475369,
      0.27804786629114725,
      0.2508164967370296,
      0.28718148667083754
    ]
  ],
  "thetas": [
    [
      143.49443863324828,
      -1.9420357701354973,
      -11.48889010972075,
      20.97628844157434,
      14.186786417686042,
      -38.08327271668918,
      19.836615933059647,
      6.833360311173124,
      12.10948233570524,
      40.070173392596814,
      -0.049698852707116714
    ],
    [
      148.93102516446982,
      7.553489443694033,
      0.5916078747211486,
      25.40411449111531,
      17.122538947667806,
      -62.82979805718969,
      40.47674802407073,
      23.223944666880016,
      13.169615207305448,
      46.4502955392142,
      6.233931753032039
    ],
    [
      145.07440487604958,
      -4.879107132228981,
      -17.436461005015694,
      15.61928263234995,
      9.396962405709132,
      28.35775175589879,
      -29.97836154374818,
      -28.01865107267804,
      3.1171583154532243,
      16.841413470621134,
      -1.0923424067971013
    ],
    [
      142.89936769575684,
      7.891603444846069,
      -5.352883153776347,
      35.415732560672765,
      14.60544260358094,
      -58.79713364286181,
      37.75278620417919,
      28.286610354467825,
      17.863517620210114,
      44.18217483320629,
      4.6257787253607745
    ]
  ]
}